Sequence,Label
GCCCCUGGGCCUAUCCUAGAA,1
ACUCCAGCCCCACAGCCUCAGC,1
GGAGAAAUUAUCCUUGGUGUGU,1
AUCACACAAAGGCAACUUUUGU,1
GCGACGAGCCCCUCGCACAAACC,1
UCUGGCUCCGUGUCUUCACUCCC,1
CUCUUGAGGGAAGCACUUUCUGU,1
UUUAACAUGGGGGUACCUGCUG,1
CUUAUGCAAGAUUCCCUUCUAC,1
AGGGACUUUUGGGGGCAGAUGUG,1
CUCUCACCACUGCCCUCCCACAG,1
AGGGACUGCCUUAGGAGAAAGUU,1
GGUGCAGUGCUGCAUCUCUGGU,1
CUAUACGACCUGCUGCCUUUCU,1
GGAGGCCGGGGUGGGGCGGGGCGG,1
UGAGAACUGAAUUCCAUGGGUU,1
AUGCUGACAUAUUUACUAGAGG,1
CUCUCCUCCCGGCUUC,1
UGAUAUGUUUGAUAUAUUAGGU,1
GCUGCGCUUGGAUUUCGUCCCC,1
UAACACUGUCUGGUAAAGAUGG,1
AACAUAGAGGAAAUUCCACGU,1
UAACAGUCUCCAGUCACGGCC,1
GGUCCAGAGGGGAGAUAGGUUC,1
CUUCCGGUCUGUGAGCCCCGUC,1
AAAAGCUGGGUUGAGAGGGU,1
ACUGGGAAGAGGAGCUGAGGGA,1
UAAUACUGCCUGGUAAUGAUGA,1
GUCCCUCUCCAAAUGUGUCUUG,1
CUGCCAAUUCCAUAGGUCACAG,1
UGGAGUGUGACAAUGGUGUUUG,1
CGAAUCAUUAUUUGCUGCUCUA,1
GGGGAGCGAGGGGCGGGGC,1
UAACGGCCGCGGUACCCUAA,1
AGUGGGGAACCCUUCCAUGAGG,1
CUGAUAAGAACAGAGGCCCAGAU,1
UAUGGCACUGGUAGAAUUCACU,1
GAAAAUGAUGAGUAGUGACUGAUG,1
CUGCGCAAGCUACUGCCUUGCU,1
UGAGUAUUACAUGGCCAAUCUC,1
GCGGUGAUCCCGAUGGUGUGAGC,1
ACUGCCCUAAGUGCUCCUUCUGG,1
ACCCUAUCAAUAUUGUCUCUGC,1
UAAGUGCUUCCAUGUUUCAGUGG,1
AGUUUUGCAGGUUUGCAUCCAGC,1
AAUCAUUCACGGACAACACUU,1
UGUCAGUUUGUCAAAUACCCCA,1
UAAUACUGCCGGGUAAUGAUGGA,1
UCAAAUGCUCAGACUCCUGUGGU,1
GAUGGAAGGACGGGAAGUGGA,1
UACGUCAUCGUUGUCAUCGUCA,1
CAAUUUAGUGUGUGUGAUAUUU,1
UCCAGCAUCAGUGAUUUUGUUG,1
UCGUGUCUUGUGUUGCAGCCGG,1
UAUGUAACAUGGUCCACUAACU,1
UGAUAUGUUUGAUAUUGGGUUG,1
AAGCUUUUUGCUCGAAUUAUGU,1
CAGCAGCAAUUCAUGUUUUGAA,1
UCCUGCCACCUCCUCCGCAG,1
UCCGUCUCAGUUACUUUAUAGC,1
AAAAGUAAUUGCGAGUUUUACC,1
GUCACUGAUGUCUGUAGCUGAG,1
AGAGAUGAAGCGGGGGGGCG,1
AGCGGUCUGUUCAGGUGGAUGA,1
AGGGGCUGGCUUUCCUCUGGUC,1
UAUAGGGAUUGGAGCCGUGGCG,1
CUGUCCUAAGGUUGUUGAGUU,1
AUGGAUAAGGCUUUGGCUU,1
UGCUGAUGGCAGAUGUCGGGUCUG,1
CAGUGGUUUUACCCUAUGGUAG,1
UGCGCCUCGGGUGAGCAUG,1
UAGCACCAUUUGAAAUCGGUUA,1
GCUGGGAUUACAGGCAUGAGCC,1
GAAAUCAAGCGUGGGUGAGACC,1
CAUAAAGUAGAAAGCACUACU,1
AAAUGUCACCUUUUUGAGAGGA,1
UACUCAGGAGAGUGGCAAUCAC,1
GUGAAAUGUUUAGGACCACUAG,1
UUAUCAGAAUCUCCAGGGGUAC,1
UUCACCCCUCUCACCUAAGCAG,1
UAGGUGGCAGAGGAGGGACUUCA,1
CUAGGCGCGACUGAGAGAGCA,1
UAGGCAGUGUCAUUAGCUGAUUG,1
CGCUCUAGGCACCGCAGCA,1
UGAGGGGCAGAGAGCGAGACUUU,1
UGAUUGGUACGUCUGUGGGUAG,1
CCAAAACUGCAGUUACUUUUGC,1
AUUGGACUGCUGAUGGCCCGU,1
UAUGUCUGCUGACCAUCACCUU,1
AAUGGCGCCACUAGGGUUGUG,1
UUUUUCAUUAUUGCUCCUGACC,1
UGGCGGCGGUAGUUAUGGGCUU,1
UUUGGCACUAGCACAUUUUUGCU,1
AUUGAAACCUCUAAGAGUGGA,1
UUGUGAAGAAAGAAAUUCUUA,1
AUAUUACCAUUAGCUCAUCUUU,1
GGACCCACCCGGCCGGGAAUA,1
CUCCAGAGGGAAGUACUUUCU,1
AGGGCCCCCCCUCAAUCCUGU,1
AAUCAUACAGGGACAUCCAGUU,1
CGUGUAUUUGACAAGCUGAGUU,1
UGCCCUCCUUUCUUCCCUC,1
ACUCCAUUUGUUUUGAUGAUGGA,1
CUAUACAGUCUACUGUCUUUCC,1
AGGCAUUGACUUCUCACUAGCU,1
CACAGCAAGUGUAGACAGGCA,1
UUUGGUCCCCUUCAACCAGCUG,1
UGGCAGUGUCUUAGCUGGUUGU,1
GUGACAUCACAUAUACGGCAGC,1
GGCUACAACACAGGACCCGGGC,1
CACGCUCAUGCACACACCCACA,1
UCUUCAACCUCAGGACUUGCA,1
UGUCUACUACUGGAGACACUGG,1
ACACACUUACCCGUAGAGAUUCUA,1
UCGUACCGUGAGUAAUAAUGCG,1
UAUUGCACUUGUCCCGGCCUGU,1
ACAGCACUGCCUGGUCAGA,1
AAAGUGCUUCCUUUUAGAGGGU,1
UGUGCAAAUCCAUGCAAAACUGA,1
UGCUUCCUUUCAGAGGGU,1
CCCCGCCACCGCCUUGG,1
CAGGGAACAGCUGGGUGAGCUGCU,1
CCUCACCACCCCUUCUGCCUGCA,1
AACCAUCGACCGUUGAGUGGAC,1
AGCUCGGUCUGAGGCCCCUCAGU,1
GGGGCCUGGCGGUGGGCGG,1
GAGCUUAUUCAUAAAAGUGCAG,1
UCUGGGUGCAGUGGGGGUU,1
GCCUGCUGGGGUGGAACCUGGU,1
UGGGGAGCUGAGGCUCUGGGGGUG,1
GUUCUCCCAACGUAAGCCCAGC,1
UUUUGCGAUGUGUUCCUAAUAU,1
UUGAACUGUUAAGAACCACUGGA,1
CAUCUUCCAGUACAGUGUUGGA,1
ACCGUGCAAAGGUAGCAUA,1
GCCCUGUGGACUCAGUUCUGGU,1
UUAAUAUCGGACAACCAUUGU,1
CAGCAGCACACUGUGGUUUGU,1
AAAAACUGAGACUACUUUUGCA,1
AUCGGGAAUGUCGUGUCCGCCC,1
CGGGGUUUUGAGGGCGAGAUGA,1
UGCGGGGCUAGGGCUAACAGCA,1
GAAGUUGUUCGUGGUGGAUUCG,1
AGGCAGUGUAGUUAGCUGAUUGC,1
UUCUCCAAAAGGGAGCACUUUC,1
CCUCUAGAUGGAAGCACUGUCU,1
UGUCUUACUCCCUCAGGCACAU,1
AAAAGGCGGGAGAAGCCCCA,1
AGGUUGUCCGUGGUGAGUUCGCA,1
GGCUCCUUGGUCUAGGGGUA,1
UCCCUGAGACCCUUUAACCUGUGA,1
CCUCUAAAGGGAAGCGCUUUCU,1
CUCAUUGCAUGGGCUGUGUAUA,1
CUCCUAUAUGAUGCCUUUCUUC,1
CUGGGAGAGGGUUGUUUACUCC,1
UGAAGGUCUACUGUGUGCCAGG,1
CAACACCAGUCGAUGGGCUGU,1
AGGCAGCGGGGUGUAGUGGAUA,1
AGGCUGUGAUGCUCUCCUGAGCCC,1
UGACCUGGGACUCGGACAGCUG,1
ACUUAAACGUGGAUGUACUUGCU,1
AGGCAGGGGCUGGUGCUGGGCGGG,1
ACCUCCUGUGUGCAUGGAUUA,1
AAGUUCUGUUAUACACUCAGGC,1
CUGCAGGCAGAAGUGGGGCUGACA,1
UGAUUGUCCAAACGCAAUUCU,1
UAUACAAGGGCAGACUCUCUCU,1
UACUCAAAAAGCUGUCAGUCA,1
CCUCAAAUGUGGAGCACUAUUCU,1
UAGAUAAAAUAUUGGUACCUG,1
ACUGUUGCUAAUAUGCAACUCU,1
UGAGGUAGUAAGUUGUAUUGUU,1
UCACUCCUCUCCUCCCGUCUU,1
CUUUCAGUCGGAUGUUUGCAGC,1
UCAGUGCAUGACAGAACUUGG,1
CUGGGGGUGGGGGGCUGGGCGU,1
AGAGGUAGGUGUGGAAGAA,1
GCGGGGCUGGGCGCGCG,1
AUUGUCCUUGCUGUUUGGAGAU,1
UAACCUGAUCAGCCCCGGAGUU,1
AUCACAUUGCCAGGGAUUUCC,1
GGAUUCCUGGAAAUACUGUUCU,1
AACAUUCAUUGCUGUCGGUGGGU,1
UAGGUAGUUUCAUGUUGUUGGG,1
AGAUCAGAAGGUGAUUGUGGCU,1
AUCUGGAGGUAAGAAGCACUUU,1
CCAGUGACUGAGCUGGAGCCA,1
CUCCUGACUCCAGGUCCUGUGU,1
AACGCACUUCCCUUUAGAGUGU,1
UGAUGAUACAGGUGGAGGUAG,1
GAAUGUUGCUCGGUGAACCCCU,1
AACAUUCAACCUGUCGGUGAGU,1
UGUAAACAUCCUACACUCAGCU,1
ACUGGGGGCUUUCGGGCUCUGCGU,1
GGGGGGGCAGGAGGGGCUCAGGG,1
GAAAGCGCUUCUCUUUAGAGG,1
AUCUAAAUGCAGCAUGCCAGUC,1
AAUGGCUGUCCGUAGUAUGGUC,1
CCUAUUCUUGAUUACUUGUUUC,1
UGUGACUGGUUGACCAGAGGGG,1
UAUAGAGAGCAGGAAGAUUAAUGU,1
UAUGUAAUAUGGUCCACAUCUU,1
UGAGUGUGUGUGUGUGAGUGUGU,1
UGAUUGUAGCCUUUUGGAGUAGA,1
CCCUCUCUGUCCCACCCAUAG,1
GAGGGUUGGGUGGAGGCUCUCC,1
CGUCCCACCCCCCACUCCUGU,1
UUCCCUUUGUCAUCCUAUGCCU,1
UCUACAGUGCACGUGUCUCCAGU,1
CAGUUAUCACAGUGCUGAUGCU,1
CCUCUACAGGGAAGCGCUUUC,1
AACUGUUUGCAGAGGAAACUGA,1
AAAGUGCUUCCUUUUAGAGGG,1
AUGACCUAUGAAUUGACAGAC,1
CUCUAGAGGGAAGCACUUUCUC,1
CGCGCCGGGCCCGGGUU,1
AAUGCACCCGGGCAAGGAUUCU,1
UGACAGCCCGCUACACCUCU,1
AGCUACAUCUGGCUACUGGGU,1
CAAAAACUGCAGUUACUUUUGC,1
AGAGCUUAGCUGAUUGGUGAAC,1
ACCGUGGCUUUCGAUUGUUACU,1
ACAGUCUGCUGAGGUUGGAGC,1
UGAGUACCGCCAUGUCUGUUGGG,1
CAGUGCAAUGUUAAAAGGGCAU,1
UGGGCGUAUCUGUAUGCUA,1
UGUCUCUGCUGGGGUUUCU,1
UACUGCAUCAGGAACUGAUUGGA,1
UAAGUGCUUCCAUGUUUGAGUGU,1
UGCUAUGCCAACAUAUUGCCAU,1
UGGUCGACCAGUUGGAAAGUAAU,1
UGUAAACAUCCUACACUCUCAGC,1
UUGUGCUUGAUCUAACCAUGU,1
ACUUGUAUGCUAGCUCAGGUAG,1
UGCUGGAUCAGUGGUUCGAGUC,1
UUAUUGUCACGUUCUGAUU,1
UCUUCUCUGUUUUGGCCAUGUG,1
UAGCAGCACGUAAAUAUUGGCG,1
CUGAAGCUCAGAGGGCUCUGAU,1
UGUUGUACUUUUUUUUUUGUUC,1
UCAAUAAAUGUCUGUUGAAUU,1
UACGCGCAGACCACAGGAUGUC,1
GGAUGGUUGGGGGCGGUCGGCGU,1
AUUUGUGCUUGGCUCUGUCAC,1
AGGAAGCCCUGGAGGGGCUGGAG,1
CAGGCCAUAUUGUGCUGCCUCA,1
AAAAGCUGGGUUGAGAGGA,1
AGGUUGUCUGUGAUGAGUUCG,1
CCUGUUGAAGUGUAAUCCCCA,1
AGGGAAAAAAAAAAGGAUUUGUC,1
CGAAAACAGCAAUUACCUUUGC,1
CAUCAUAGUCCAGUGUCCAGGG,1
AGACCCUGGUCUGCACUCUAUC,1
CAUCAGAAUUCAUGGAGGCUAG,1
UAUGUAACACGGUCCACUAACC,1
UGUAACAGCAACUCCAUGUGGA,1
AAGUGCCUCCUUUUAGAGUGUU,1
GACUGACACCUCUUUGGGUGAA,1
CCACCUCCCCUGCAAACGUCCA,1
UGAGAACCACGUCUGCUCUGAG,1
GCGGAAGGCGGAGCGGCGGA,1
UAGCAGCACAGAAAUAUUGGC,1
CACCCGUAGAACCGACCUUGCG,1
AGCGAGGUUGCCCUUUGUAUAU,1
GGGCUGGGGCGCGGGGAGGU,1
AAAGGAUUCUGCUGUCGGUCCCACU,1
UCUUGGAGUAGGUCAUUGGGUGG,1
AGGGCUUAGCUGCUUGUGAGCA,1
UGAUCCCAUGUUGCUGGCGC,1
CACCCGGCUGUGUGCACAUGUGC,1
AAAGUGCAUCUUUUUAGAGGAU,1
AUCCCUUGCAGGGGCUGUUGGGU,1
AAAAGUGCUUACAGUGCAGGUAG,1
AGGUGGUCCGUGGCGCGUUCGC,1
UCGGAUCCGUCUGAGCUUGGCU,1
UCCCACGUUGUGGCCCAGCAG,1
AUAUACAGGGGGAGACUCUUAU,1
ACUCGGCGUGGCGUCGGUCGUG,1
AAUCCUUGGAACCUAGGUGUGAGU,1
GUGCGGAACGCUGGCCGGGGCG,1
UCGAGGAGCUCACAGUCUAGU,1
ACUGCAUUAUGAGCACUUAAAG,1
UAGCAGCACAUAAUGGUUUGUG,1
GCCCAAAGGUGAAUUUUUUGGG,1
GUCCAGUUUUCCCAGGAAUCCCU,1
GAGUGCCUUCUUUUGGAGCGUU,1
AAUCACUAACCACACGGCCAGG,1
AGUUCUUCAGUGGCAAGCUUUA,1
UUCAGAUCCCAGCGGUGCCUCU,1
GCCCCGGCGCGGGCGGGUUCUGG,1
AUUGACACUUCUGUGAGUAGA,1
UACAGUACUGUGAUAACUGAA,1
AAAGACAUAGGAUAGAGUCACCUC,1
ACUGGACUUGGAGUCAGGA,1
UCCUGUACUGAGCUGCCCCGAG,1
ACAGGAGUGGGGGUGGGACAU,1
CCCACUGCCCCAGGUGCUGCUGG,1
UGAGGAUGGAUAGCAAGGAAGCC,1
UACGUAGAUAUAUAUGUAUUUU,1
CUCAUCUGCAAAGAAGUAAGUG,1
AUAAGACGAACAAAAGGUUUGU,1
CCAAUAUUGGCUGUGCUGCUCC,1
AAAGUGCAUCCUUUUAGAGUGU,1
AGCUGUAAUUAGUCAGUUUUCU,1
CUCAGUAGCCAGUGUAGAUCCU,1
GCUGGGAAGGCAAAGGGACGU,1
CUCUAGCCACAGAUGCAGUGAU,1
UGGGUUCCUGGCAUGCUGAUUU,1
UGGGAACGGGUUCCGGCAGACGCUG,1
UUCUGGAUAACAUGCUGAAGCU,1
CACUCAGCCUUGAGGGCACUUUC,1
CAAUCAGCAAGUAUACUGCCCU,1
AAAAUGAAAUGAGCCCAGCCCA,1
CCCCAGGGCGACGCGGCGGG,1
UCCUGUGGUGUUUGGUGUGGUU,1
UCAGUGCACUACAGAACUUUGU,1
UUCCCUUUGUCAUCCUUCGCCU,1
AAGGGCUUCCUCUCUGCAGGAC,1
CUGGGAGAAGGCUGUUUACUCU,1
UUGGGGAAACGGCCGCUGAGUG,1
UAAAUUUCACCUUUCUGAGAAGG,1
UAGCAGCACAUCAUGGUUUACA,1
CAAAGAGGAAGGUCCCAUUAC,1
UUGCAGCUGCCUGGGAGUGACUUC,1
AUGUAGGGCUAAAAGCCAUGGG,1
AGGACCUGCGGGACAAGAUUCUU,1
UGGGCGAGGGCGGCUGAGCGGC,1
CACAUGGCCGAAACAGAGAAGU,1
CAUCCCUUGCAUGGUGGAGGG,1
CUUUCAGUCAGAUGUUUGCUGC,1
UCAGUGCAUCACAGAACUUUGU,1
AGGGGGCGGGCUCCGGCG,1
AGGUUGGGAUCGGUUGCAAUGCU,1
CUGUACAGCCUCCUAGCUUUCC,1
CAAAACUGGCAAUUACUUUUGC,1
CUACAAAGGGAAGCCCUUUC,1
AAAAGUAAUUGUGGUUUUUGCC,1
CUUUCAGUCGGAUGUUUACAGC,1
UUGCAUAUGUAGGAUGUCCCAU,1
GUUUGCACGGGUGGGCCUUGUCU,1
AGGGGUGGUGUUGGGACAGCUCCGU,1
AGAGGUAGUAGGUUGCAUAGUU,1
CGCAUCCCCUAGGGCAUUGGUG,1
UUUUCAACUCUAAUGGGAGAGA,1
AGAGUCGGCGACGCCGCCAGC,1
AUUCUGCAUUUUUAGCAAGUUC,1
AAAAGCUGGGCUGAGAGGCG,1
CAAAGCGCUCCCCUUUAGAGGU,1
UUGCAUAGUCACAAAAGUGAUC,1
CCUAGUAGGUGUCCAGUAAGUGU,1
CUGGGAUCUCCGGGGUCUUGGUU,1
CAAAGCGCUUCUCUUUAGAGUGU,1
ACAAAGUGCUUCCCUUUAGAGU,1
CGUGGAUAUUCCUUCUAUGUUU,1
UUCAAGUAAUCCAGGAUAGGCU,1
AAAUAUGAUGAAACUCACAGCUGAG,1
ACAGAUUCGAUUCUAGGGGAAU,1
AGCAGCAUUGUACAGGGCUAUGA,1
UAAGUGCUUCCAUGUUUUAGUAG,1
UCUUUGGUUAUCUAGCUGUAUGA,1
UCCCUACCCCUCCACUCCCCA,1
AUCUGUAAGAGAAAGUAAAUGA,1
CCUGCAGCGACUUGAUGGCUUCC,1
AAGGGGCUGGGGGAGCACA,1
AUAGGCACCAAAAAGCAACAA,1
UGGUGGGCCGCAGAACAUGUGC,1
UUGGAGGGUGUGGAAGACAUC,1
CCCCACCUCCUCUCUCCUCAG,1
UGAGAACUGAAUUCCAUAGGCUG,1
UGGAAGGGAGAAGAGCUUUAAU,1
UUAGGGAGUAGAAGGGUGGGGAG,1
UAACUGGUUGAACAACUGAACC,1
AAAGCACCUCCAGAGCUUGAAGC,1
CAAAAACCGGCAAUUACUUUUG,1
UAUGGCUUUUUAUUCCUAUGUGA,1
CAACGGAAUCCCAAAAGCAGCUG,1
AAGCCCUUACCCCAAAAAGCAU,1
UAUUGCACAUUACUAAGUUGCA,1
AGUGCCUGAGGGAGUAAGAGCCC,1
UACCCUGUAGAUCCGAAUUUGUG,1
UCUCCCAACCCUUGUACCAGUG,1
UCUGGCUGUUGUGGUGUGCAA,1
CCUCCAAAGGGAAGCGCUUUCUGUU,1
CUGUACAACCUUCUAGCUUUCC,1
GAAGUUGCCCAUGUUAUUUUCG,1
UUCUCAAGGAGGUGUCGUUUAU,1
ACCCCACUCCUGGUACC,1
UCAGUUCCAGGCCAACCAGGCU,1
UGGACGGAGAACUGAUAAGGGU,1
GAAAGUGCUUCCUUUUAGAGGC,1
GGAUCCGAGUCACGGCACCA,1
GCGACCCAUACUUGGUUUCAG,1
UGAGGUAGUAGGUUGUAUGGUU,1
CUCGGCGCGGGGCGCGGGCUCC,1
UGACAACUAUGGAUGAGCUCU,1
GCGGCGAGUCCGACUCAU,1
UUCAAGUAAUUCAGGAUAGGU,1
GCUGGGCAGGGCUUCUGAGCUCCUU,1
CUGACUGUUGCCGUCCUCCAG,1
UUUGUGACCUGGUCCACUAACC,1
UGAGGUAGUAGUUUGUACAGUU,1
UCCCCCAGGUGUGAUUCUGAUUU,1
AACCCGUAGAUCCGAUCUUGUG,1
CUCACUGAACAAUGAAUGCAA,1
AAGCCCUUACCCCAAAAAGUAU,1
CUCCGUUUGCCUGUUUCGCUG,1
UUAGGGCCCUGGCUCCAUCUCC,1
CCUCCUGCCCUCCUUGCUGU,1
CAACAAAUCACAGUCUGCCAUA,1
CAUCAGUUCCUAAUGCAUUGCC,1
UUCACAGUGGCUAAGUUCUGC,1
GUGCAUUGUAGUUGCAUUGCA,1
UGAGGUAGGAGGUUGUAUAGUU,1
AAUGUGUAGCAAAAGACAGA,1
UAUGUGGGAUGGUAAACCGCUU,1
UCGGGGCAUGGGGGAGGGAGGCUGG,1
CAAAAGCAAUCGCGGUUUUUGC,1
CAGUGCAAUAGUAUUGUCAAAGC,1
AAGGGAGGAGGAGCGGAGGGGCCCU,1
AAGUGUGCAGGGCACUGGU,1
UAAUUUUAUGUAUAAGCUAGU,1
CGGCCCCACGCACCAGGGUAAGA,1
UGGAAUGUAAAGAAGUAUGUAU,1
AGCGGGGAGGAAGUGGGCGCUGCUU,1
AUGGUACCCUGGCAUACUGAGU,1
AUCAACAGACAUUAAUUGGGCGC,1
UGGAAUGUAAGGAAGUGUGUGG,1
CAACCCUAGGAGAGGGUGCCAUUCA,1
AGCCCCUGCCCACCGCACACUG,1
UGAGGUAGUAGUUUGUGCUGUU,1
AUUAGGUAGUGGCAGUGGAAC,1
CAUUAUUACUUUUGGUACGCG,1
UAACAGUCUACAGCCAUGGUCG,1
CCUCUGAAAUUCAGUUCUUCAG,1
GGGAGUGCAGGGCAGGGUUUC,1
AGCUCAUCCAUAGUUGUCACUG,1
UCCCUGUCCUCCAGGAGCUCACG,1
ACUCAAAAUGGGGGCGCUUUCC,1
AGGCAGUGUAUUGUUAGCUGGC,1
UACGGUGAGCCUGUCAUUAUUC,1
UCAGCAAACAUUUAUUGUGUGC,1
AACACACCUAUUCAAGGAUUCA,1
GGGGCUGGGGCCGGGGCCGAGC,1
UCACAGUGGUCUCUGGGAUUAU,1
UACCCUGUAGAACCGAAUUUGUG,1
UGUAAACAUCCUCGACUGGAAG,1
CCCAGUGUUUAGACUAUCUGUUC,1
AACCAGCACCCCAACUUUGGAC,1
CACUAGAUUGUGAGCUCCUGGA,1
CCCUGUUCUAUGCCCUGAGGGA,1
UGAGCUAAAUGUGUGCUGGGA,1
UGGGUUUACGUUGGGAGAACU,1
GGGAUAUGAAGAAAAAU,1
UCUCUGAGUACCAUAUGCCUUGU,1
UUAUAAUACAACCUGAUAAGUG,1
CUCGGGGCAGGCGGCUGGGAGCG,1
UCGAGGAGCUCACAGUCU,1
ACAGGUGAGGUUCUUGGGAGCC,1
UCAGCAGGCAGGCUGGUGCAGC,1
AGCAGCAUUGUACAGGGCUAUCA,1
GUUCCUGCUGAACUGAGCCAG,1
AUCAUAGAGGAAAAUCCACGU,1
AGGCGGAGACUUGGGCAAUUG,1
AUCCUAGUCACGGCACCA,1
CACCAGGCAUUGUGGUCUCC,1
UAUGGCUUUUCAUUCCUAUGUGA,1
CUUAUCAGAUUGUAUUGUAAUU,1
AAUAUAACACAGAUGGCCUGU,1
AACAACAAAAUCACUAGUCUUCCA,1
CUGCCAGCCCCGUUCCAGGGCA,1
UAGGUUAUCCGUGUUGCCUUCG,1
AGGUUGCCUGUGAGGUGUUCA,1
AGGCACGGUGUCAGCAGGC,1
AAUAUUAUACAGUCAACCUCU,1
UUAUAAAGCAAUGAGACUGAUU,1
AGCUGGUAAAAUGGAACCAAAU,1
GUAGAUUCUCCUUCUAUGAGUA,1
GGAUAUCAUCAUAUACUGUAAG,1
AGCAAAAUAAGCAAAUGGAAAA,1
CCUGUUCUCCAUUACUUGGCU,1
UUCAACGGGUAUUUAUUGAGCA,1
GAACGGCUUCAUACAGGAGUU,1
ACAAAAAAAAAAGCCCAACCCUUC,1
AAAAGUACUUGCGGAUUUUGCU,1
UAGCACCAUCUGAAAUCGGUUA,1
UUAAUGCUAAUCGUGAUAGGGGUU,1
UAAAGUGCUUAUAGUGCAGGUAG,1
CCACUUGGAUCUGAAGGCUGCCC,1
UCUCUUCAUCUACCCCCCAG,1
CUGCCCUGGCCCGAGGGACCGA,1
ACUGCAGUGAAGGCACUUGUAG,1
AGGUUGUCCGUGUUGUCUUCUCU,1
UUGAAAGGCUAUUUCUUGGUC,1
UAGCUUAUCAGACUGAUGUUGA,1
CUGUACAGGCCACUGCCUUGC,1
UCCCCUUCCUCCCUGCCCAG,1
GUGGGUACGGCCCAGUGGGGGG,1
CAGUGCAAUGAUGAAAGGGCAU,1
AUGCACCUGGGCAAGGAUUCUG,1
AACCCGUAGAUCCGAACUUGUG,1
UCUCUGGAGGGAAGCACUUUCUG,1
AGGAGAGUGGAUUCCAGGUGGU,1
UUUCUAUUUCUCAGUGGGGCUC,1
AGGUUCUGUGAUACACUCCGACU,1
CAGGUCGUCUUGCAGGGCUUCU,1
AAAAGUAAUUGCGGUUUUUGCC,1
UCUGGGCAACAAAGUGAGACCU,1
UGGAGAGAAAGGCAGUUCCUGA,1
AGGGUGGGGCUGGAGGUGGGGCU,1
UUUGUUCGUUCGGCUCGCGUGA,1
AAAUAUAUAUAUAUAUGUACGUAU,1
UGUGAGGUUGGCAUUGUUGUCU,1
AAGUGCCGCCAUCUUUUGAGUGU,1
UGUCUUGCAGGCCGUCAUGCA,1
AAAGUGCUUCCUUUUUGAGGG,1
UGGGUGGUCUGGAGAUUUGUGC,1
GCGGGGGUGGCGGCGGCAUCCC,1
CGGGGUCGGCGGCGACGUG,1
AGAGGUUGCCCUUGGUGAAUUC,1
AUCCCACCACUGCCACCAU,1
CAGUGGCCAGAGCCCUGCAGUG,1
CAUUGCACUUGUCUCGGUCUGA,1
UUAAGACUUGCAGUGAUGUUU,1
CAAAGUGCCUCCCUUUAGAGUG,1
UCUCACUGUAGCCUCGAACCCC,1
CGGCGGGGACGGCGAUUGGUC,1
GGAGGAACCUUGGAGCUUCGGC,1
CUAUACAACUUACUACUUUCCC,1
CAACUAGACUGUGAGCUUCUAG,1
UUGAGGAAAAGAUGGUCUUAUU,1
CUCUAGAGGGAAGCACUUUCUG,1
UGGAGACGCGGCCCUGUUGGAGU,1
ACUGGACUUGGAGCCAGAAG,1
GAAGGCGCUUCCCUUUAGAGCG,1
GUGAGGGCAUGCAGGCCUGGAUGGGG,1
UCUAGUAAGAGUGGCAGUCGA,1
UGAGCGCCUCGACGACAGAGCCG,1
GCAAAGCACACGGCCUGCAGAGA,1
UUGGAGGCGUGGGUUUU,1
AUCGUGCAUCCCUUUAGAGUGU,1
UGUGACAGAUUGAUAACUGAAA,1
CCCCUGGGGCUGGGCAGGCGGA,1
CCCAAUACACGGUCGACCUCUU,1
CCAGUAUUAACUGUGCUGCUGA,1
CAUCUGGGCAACUGACUGAAC,1
GAUGGUUGACCAGAGAGCACAC,1
CAAAUUCGUAUCUAGGGGAAUA,1
ACCAUCGACCGUUGAUUGUACC,1
ACGGAUGUUUGAGCAUGUGCUA,1
GUGGACCAGGAUGGCAAGGGCU,1
CUAGUGAGGGACAGAACCAGGAUUC,1
GUGGGCUGGGCUGGGCUGGGCC,1
UGGCUCAGUUCAGCAGGAACAG,1
UGACCCACCCCUCUCCACCAG,1
GGGGUUCCUGGGGAUGGGAUUU,1
GCUGACUCCUAGUCCAGGGCUC,1
UAUUGCACUCGUCCCGGCCUCC,1
CAAUCACUAACUCCACUGCCAU,1
AAGCUGCCAGUUGAAGAACUGU,1
UGCCAACCGUCAGAGCCCAGA,1
AACAAUAUCCUGGUGCUGAGUG,1
UCGCGGUUUGUGCCAGAUGACG,1
GUGGUUAUCCCUGUCCUGUUCG,1
GCUCAGGGAUGAUAACUGUGCUGAGA,1
CUAUACAAUCUACUGUCUUUC,1
UGUCACUCGGCUCGGCCCACUAC,1
CGCCCCUCCUGCCCCCACAG,1
AAGACGGGAGGAAAGAAGGGAG,1
AAUGACACGAUCACUCCCGUUGA,1
CAAAGCGCUUCCCUUUGGAGC,1
UAGCAGCGGGAACAGUUCUGCAG,1
UUCAUUCGGCUGUCCAGAUGUA,1
UUGUGUCAAUAUGCGAUGAUGU,1
AAAACCGUCUAGUUACAGUUGU,1
GGGUGAGGGCAGGUGGUU,1
UGUAAACAUCCUUGACUGGAAG,1
ACCACUGACCGUUGACUGUACC,1
AACAUUCAACGCUGUCGGUGAGU,1
GAGUGGGGCUUCGACCCUAACC,1
UGAGGUAGUAGAUUGUAUAGUU,1
UGAGGUAGUAGGUUGUGUGGUU,1
CCCGGAGCCAGGAUGCAGCUC,1
GCUCUGACUUUAUUGCACUACU,1
CCUCCGUGUUACCUGUCCUCUAG,1
GAUUUCAGUGGAGUGAAGUUC,1
UGGGGAGCGGCCCCCGGGUGGG,1
UUUUGCAAUAUGUUCCUGAAUA,1
GAAGUGUGCCGUGGUGUGUCU,1
CUGGAUGGCUCCUCCAUGUCU,1
UCAGACAGUUUGGUGCGCUAGUUG,1
GGUCGUAUGUGUGACGCCAUUU,1
AUGUCCAUAUUAUGGGUUAGU,1
UACUCCAGAGGGCGUCACUCAUG,1
AGCGCGGGCUGAGCGCUGCCAGUC,1
GGGUGCGGGCCGGCGGGG,1
UAAGGUGCAUCUAGUGCAGUUAG,1
UGUCUGCCCGCAUGCCUGCCUCU,1
ACUCUAGCUGCCAAAGGCGCU,1
AAUGCACCUGGGCAAGGAUUCA,1
GUCCGCUCGGCGGUGGCCCA,1
AGCUGGUGUUGUGAAUCAGGCCG,1
AAAAGCUGGGUUGAGAGGGCGA,1
UGCAACGAACCUGAGCCACUGA,1
CUAUACGGCCUCCUAGCUUUCC,1
AGGGGGAAAGUUCUAUAGUCC,1
AGUAUUCUGUACCAGGGAAGGU,1
UUUUGCACCUUUUGGAGUGAA,1
CUUAGCAGGUUGUAUUAUCAUU,1
GCGAGGACCCCUCGGGGUCUGAC,1
CCCCGGGAACGUCGAGACUGGAGC,1
UGGAUUUCUUUGUGAAUCACCA,1
CUAUACAAUCUAUUGCCUUCCC,1
AAAGCGCUUCCCUUCAGAGUG,1
UUCACCACCUUCUCCACCCAGC,1
CUGGUUUCACAUGGUGGCUUAG,1
AAACAAACAUGGUGCACUUCUU,1
GAGGUUUUCUGGGUUUCUGUUUC,1
CAGGUCACGUCUCUGCAGUUAC,1
AAAUUCUGUUGCAGCAGAUAGC,1
AACUGGCCCUCAAAGUCCCGCU,1
GGCCAGCCACCAGGAGGGCUG,1
AAGUGCUGUCAUAGCUGAGGUC,1
AAAGUUCUGAGACACUCCGACU,1
UGGUAGACUAUGGAACGUAGG,1
UGUGCUUGCUCGUCCCGCCCGCA,1
ACAUUCCCCGCAAACAUGACAUG,1
AGGUGCUCCAGGCUGGCUCACA,1
AACUGGCCUACAAAGUCCCAGU,1
UGGUUGACCAUAGAACAUGCGC,1
ACUGGGCUUGGAGUCAGAAG,1
CAGGGGGACUGGGGGUGAGC,1
UCAAGUCACUAGUGGUUCCGUUUAG,1
GGAGACUGAUGAGUUCCCGGGA,1
CCCAGUGUUCAGACUACCUGUUC,1
UGUCACCCGCUCCUUGCCCAG,1
UAGUGGUCCUAAACAUUUCACA,1
CACCUUGCGCUACUCAGGUCUG,1
UAGUGCAAUAUUGCUUAUAGGGU,1
GUGUGCGGAAAUGCUUCUGCU,1
CAGUGCAAUGAUAUUGUCAAAGC,1
AGGGGUGCUAUCUGUGAUUGA,1
UAAAUAGAGUAGGCAAAGGACA,1
CAAGUCUUAUUUGAGCACCUGUU,1
AAAGUGCAUCCUUUUAGAGGUU,1
UCUUUUCUUUGAGACUCACU,1
UCAAGAGCAAUAACGAAAAAUGU,1
UGAGGUAGUAGGUUGUAUAGUU,1
GUGUCUGCUUCCUGUGGGA,1
GCUAAGGAAGUCCUGUGCUCAG,1
CUCAAGAUGGAAGCAGUUUCUG,1
AGAUCGACCGUGUUAUAUUCGC,1
AAUCAUGUGCAGUGCCAAUAUG,1
UUCCUAUGCAUAUACUUCUUUG,1
UACCCAGAGCAUGCAGUGUGAA,1
GUGAGUGGGAGCCGGUGGGGCUG,1
CGGCUCUGGGUCUGUGGGGA,1
CAUGCCUUGAGUGUAGGACCGU,1
UGAGGCAGUAGAUUGAAU,1
UCCUUCAUUCCACCGGAGUCUG,1
AGACUUCCCAUUUGAAGGUGGC,1
UUUGGCAAUGGUAGAACUCACACU,1
CUACAAAGGGAAGCACUUUCUC,1
ACUAAAUGUCAAACAUAUUCU,1
AUUCUAAUUUCUCCACGUCUUU,1
UUGUACAUGGUAGGCUUUCAUU,1
AUCCUUGCUAUCUGGGUGCUA,1
AGAGGUAUAGGGCAUGGGAA,1
UCCGAGCCUGGGUCUCCCUCUU,1
CUAGGUAUGGUCCCAGGGAUCC,1
UCUCUCGGCUCCUCGCGGCUC,1
AGCAGAAGCAGGGAGGUUCUCCCA,1
UAAAGUGCUGACAGUGCAGAU,1
UACCCAUUGCAUAUCGGAGUUG,1
CAUCUUACUGGGCAGCAUUGGA,1
AUAAAGCUAGAUAACCGAAAGU,1
UAACGCAUAAUAUGGACAUGU,1
UCAACAAAAUCACUGAUGCUGGA,1
UAUUCAUUUAUCCCCAGCCUACA,1
GACACGGGCGACAGCUGCGGCCC,1
GUGAGUCUCUAAGAAAAGAGGA,1
UGGGGCGGAGCUUCCGGAGGCC,1
ACGCCCUUCCCCCCCUUCUUCA,1
AAUGUGGAAGUGGUCUGAGGCAU,1
AAAGUGCUGCGACAUUUGAGCGU,1
UUCACAGGGAGGUGUCAU,1
UCCCCAACCCCUGCCCGCAG,1
ACUGCUGAGCUAGCACUUCCCG,1
GAAAGCGCUUCCUUUUAGAGGA,1
CAAAAACCGCAAUUACUUUUGCA,1
CCUAUUCUUGGUUACUUGCACG,1
GGUGGCCCGGCCGUGCCUGAGG,1
ACUGUAGUAUGGGCACUUCCAG,1
GGCUGGUCAGAUGGGAGUG,1
AGAGGUUAUCCGUGUUAUGUUC,1
GCUACUUCACAACACCAGGGCC,1
AUCCCACCUCUGCCACCA,1
CCUCUGGGCCCUUCCUCCAG,1
CGUCAACACUUGCUGGUUUCCU,1
AAUUGCACGGUAUCCAUCUGUA,1
UGGAAACAUUUCUGCACAAACU,1
AGGCAAGAUGCUGGCAUAGCU,1
ACCUGCCAGCACCUCCCUGCAG,1
ACUGGACUUGGAGUCAGAAA,1
UUCAUUUGGUAUAAACCGCGAUU,1
UGCCUGUCUACACUUGCUGUGC,1
UCUCAGGAGUAAAGACAGAGUU,1
CCAGGGAGGCGUGCCUGGGC,1
UGGCAGUGUAUUGUUAGCUGGU,1
UCCUCUUCUCCCUCCUCCCAG,1
CAAAAGUAAUUGUGGAUUUUGU,1
UGGAGGAGAAGGAAGGUGAUG,1
UCACAGUGAACCGGUCUCUUU,1
UGGCCCUGACUGAAGACCAGCAGU,1
GUGAGUAGUGGCGCGCGGCGGC,1
ACCCGUCCCGUUCGUCCCCGGA,1
ACAGCAGGCACAGACAGGCAGU,1
GGCGGCGGGGAGGUAGGCAG,1
ACGGGUUAGGCUCUUGGGAGCU,1
CUAUAUAUCAAACAUAUUCCU,1
AAACCUGUGUUGUUCAAGAGUC,1
CGGGUAGAGAGGGCAGUGGGAGG,1
AUGUCCCACCCCCACUCCUGU,1
AUAAUACAUGGUUAACCUCUUU,1
UGGGGGUGUGGGGAGAGAGAG,1
CACAUUACACGGUCGACCUCU,1
UGAAACAUACACGGGAAACCUC,1
GUGAAUUACCGAAGGGCCAUAA,1
CAAUGUUUCCACAGUGCAUCAC,1
AUCGUGCAUCCUUUUAGAGUGU,1
AUUCCUAGAAAUUGUUCAUA,1
CUAGUGCUCUCCGUUACAAGUA,1
UAAUCCUUGCUACCUGGGUGAGA,1
CUCCGGGACGGCUGGGC,1
AGUGGCACAUGUUUGUUGUGAG,1
UGCCUACUGAGCUGAUAUCAGU,1
CAAAGUGCUUACAGUGCAGGUAG,1
AGGGGGAUGGCAGAGCAAAAUU,1
AGGUUACCCGAGCAACUUUGCAU,1
AUUGUCCCUCUCCCUUCCCAG,1
ACUUUAACAUGGAAGUGCUUUC,1
UCUCACCCCAACUCUGCCCCAG,1
CUCCAGAGGGAUGCACUUUCU,1
UGAGACCUCUGGGUUCUGAGCU,1
GUGUGGCCGGCAGGCGGGUGG,1
AAACUCUACUUGUCCUUCUGAGU,1
GAUAUCAGCUCAGUAGGCACCG,1
UGGGGGAGGGUGCCCUGGUUGA,1
AUACACAUACACGCAACACACAU,1
CCACCGGGGGAUGAAUGUCAC,1
ACUUCACCUGGUCCACUAGCCGU,1
CAGGGCUGGCAGUGACAUGGGU,1
UGUGCAAAUCUAUGCAAAACUGA,1
GAGUUCUACAGUCAGAC,1
GAAGUGCUUCGAUUUUGGGGUGU,1
CUUGGCACCUAGCAAGCACUCA,1
AGGGACGGGACGCGGUGCAGUG,1
UCCAGUACCACGUGUCAGGGCCA,1
CUAUACAACCUACUGCCUUCCC,1
CGUGUUCACAGCGGACCUUGAU,1
UGGGGGAGUGCAGUGAUUGUGG,1
GAAUACUAAGUAAAAAAUCAGUA,1
UCUGGGCACAGGCGGAUGGACAGG,1
GUCAUACACGGCUCUCCUCUCU,1
AUCAUGAUGGGCUCCUCGGUGU,1
UAGUACUGUGCAUAUCAUCUAU,1
UGUCCUCUAGGGCCUGCAGUCU,1
ACUCUUUCCCUGUUGCACUAC,1
AACAUCACUGCAAGUCUUAACA,1
AAAUCUCUGCAGGCAAAUGUGA,1
CUUUUUGCGGUCUGGGCUUGC,1
GUGAGGACUCGGGAGGUGG,1
GAGCAGGCGAGGCUGGGCUGAA,0
CCAGAGCAGCCUGCGGUAACAGU,0
AAUAAUAUCACAGUAGGUGUAC,0
UAUAAAAUGAGGGCAGUAAGAC,0
GGGGCUGUGAUUGACCAGCAGG,0
UGAGCUGCUGUACCAAAAU,0
UCUUGAAGUCAGAACCCGCAA,0
UGGAGUCCAGGAAUCUGCAUUUU,0
ACAGCCCAGCAGUUAUCACGGG,0
AUCUGCCAGCUUCCACAGUGG,0
UGGCCAAAAAGCAGGCAGAGA,0
UAGGCCACAGCCACCCAUGUGU,0
UGCAGCUCUGGUGGAAAAUGGAG,0
ACACAUGGGUGGCUGUGGCCU,0
UUUAGAUUGAACAUGAAGUUAG,0
GAAAGUAAUUGCUGUUUUUGCC,0
AGGUAGACUGGGAUUUGUUGUU,0
CAGGUAGAUAUUUGAUAGGCAU,0
AAGUGAUCUAAAGGCCUACAU,0
UCAGCUGGCCCUCAUUUC,0
GGUGGGAUGGAGAGAAGGUAUGAG,0
AGGUGGAUGCAAUGUGACCUCA,0
CAGGAGGCAGUGGGCGAGCAGG,0
GUCCUCCAGGCCAUGAGCUGCGG,0
CCCCGGUGUUGGGGCGCGUCUGC,0
CUGUGGGCUCAGCGCGUGGGG,0
AUAGGACUCAUAUAGUGCCAG,0
CGCGCGGCCGUGCUCGGAGCAG,0
GCUGCACCGGAGACUGGGUAA,0
UACAGAUGCAGAUUCUCUGACUUC,0
CACCGGGGAUGGCAGAGGGUCG,0
AGAUGUAUGGAAUCUGUAUAUAUC,0
UACAUGGAUGGAAACCUUCAAGC,0
AGCAGAGGCAGAGAGGCUCAGG,0
UGGCCCGGCGACGUCUCACGGUC,0
GCAGGUGCUCACUUGUCCUCCU,0
CUGGGGGACGCGUGAGCGCGAGC,0
AGAUAUUUUGAGUGUUUGGAAUUG,0
AACUCUGACCCCUUAGGUUGAU,0
UCUACAAAGGAAAGCGCUUUCU,0
AGUGGCAAAGUCUUUCCAUAU,0
GCCUGGAGCUACUCCACCAUCUC,0
UCGUAUCAGAGAUUCCAGACAC,0
CACGGCAAAAGAAACAAUCCA,0
CUCUCUACUGACUUGCAACAUA,0
UGAGGCUAAUGCACUACUUCAC,0
CAUCUCUAAGGAACUCCCCCAA,0
CUCACUGAUCAAUGAAUGCA,0
UCAGUAAAUGUUUAUUAGAUGA,0
AGCUGUCUGAAAAUGUCUU,0
UCACAACAACCUUGCAGGGUAGA,0
CAUCUGGCAUCCGUCACACAGA,0
AGGGGGGCACUGCGCAAGCAAAGCC,0
AGAAUUGUGGCUGGACAUCUGU,0
UUUCUUCUUAGACAUGGCAGCU,0
UUCCAGCCCUGGUAGGCGCCGCG,0
CCUCAGGGCUGUAGAACAGGGCU,0
UAUACCUCAGUUUUAUCAGGUG,0
AUGGUUCCGUCAAGCACCAUGG,0
UGGGCUGAGGGCAGGAGGCCUGU,0
AGUGAAUGAUGGGUUCUGACC,0
UGCCUGGAACAUAGUAGGGACU,0
AAUGGAUUUUUGGAGCAGG,0
UAAUGCAUUAAAUUAUUGAAGG,0
CAGGCACGGGAGCUCAGGUGAG,0
AUACUGUGAAUUUCACUGUCACA,0
CACUGUUUCACCACUGGCUCUU,0
GAGCUUGGAUGAGCUGGGCUGA,0
UCUGCAAGUGUCAGAGGCGAGG,0
GCAGAUCAGGACUGUAACUCACC,0
GGCUUCUUUACAGUGCUGCCUUG,0
ACAUACUUCUUUAUAUGCCCAU,0
GGGCCUCUCUUGUCAUCCUGCAG,0
AAAACGGUGAGAUUUUGUUUU,0
AGGAGGGAGGAGAUGGGCCAAGUU,0
UGGGAGGGGAGAGGCAGCAAGCA,0
UAGGCAGUGUAUUGCUAGCGGCUGU,0
CUGAAUAGCUGGGACUACAGGU,0
CAUAGCCCGGUCGCUGGUACAUGA,0
ACCUUGCCUUGCUGCCCGGGCC,0
GCUUCUGUAGUGUAGUC,0
UGAGGAUAUGGCAGGGAAGGGGA,0
UGAGGGAGUAGGAUGUAUGGUU,0
UUCGGUAUACUUUGUGAAUUGG,0
UUUCCAUAGGUGAUGAGUCAC,0
UUAAUUUUUUGUUUCGGUCACU,0
UGCACAUGGCAACCUAGCUCCCA,0
UGCAACUUACCUGAGUCAUUGA,0
UGGAAAAAACUGGUGUGUGCUU,0
UCUGAAUAGAGUCUGAAGAGU,0
UACCCAGUCUCCGGUGCAGCC,0
GUGACUGAUACCUUGGAGGCAU,0
GUGGCUGCACUCACUUCCUUC,0
AGGGCUGGACUCAGCGGCGGAGCU,0
CCCUUCCCUCACUCUUCUCUCAG,0
AGAGAUGCCGCCUUGCUCCUU,0
UAAAAACUGCAAUUACUUUC,0
UGGCAGGGAGGCUGGGAGGGG,0
UCUGGCUAUCUCACGAGACUGU,0
CCUGGGCAGCGUGUGGCUGAAGG,0
AUGGGUGAAUUUGUAGAAGGAU,0
UUAGGCCAUCAUCCCAUUAUGC,0
AUUAAGGACAUUUGUGAUUGAU,0
UUGGGAUCAUUUUGCAUCCAUA,0
UGGGGACGUAGCUGGCCAGACAG,0
GGUUGGGCAGUGAGGAGGGUGUGA,0
GGUUCCCUCUCCAAAUGUGUCU,0
UGACACGGAGGGUGGCUUGGGAA,0
CAAAAACUGCAAUUACUUUUGC,0
CCAGUCCUGUGCCUGCCGCCU,0
UGUUGGGAUUCAGCAGGACCAU,0
UUGCUCUGAGCUCCGAGAAAGC,0
CAGGGCAGAGGGCACAGGAAUCUGA,0
AAAUUAUUGUACAUCGGAUGAG,0
CAGGCAGAAGUGGGGCUGACAGG,0
UGAGGACAGGGCAAAUUCACGA,0
GUCCCUGAGUGUAUGUGGUG,0
ACCUGAAUUACCAAAAGCUUU,0
UGGCCCAACCUAUUCAGUUAGU,0
CAGGAUGUGGUCAAGUGUUGUU,0
CGGGGCCGUAGCACUGUCUGAGA,0
AAUGUUGGAAUCCUCGCUAGAG,0
UGAUCAGGCAAAAUUGCAGACU,0
AAAAGUAACUGCGGUUUUUGA,0
CGCGGGCGCUCCUGGCCGCCGCC,0
ACUCGGCUGCGGUGGACAAGU,0
ACUUGGGCAGGAGGGACCCUGUAUG,0
CACACACUGCAAUUACUUUUGC,0
UUUCCCUUCAGAGCCUGGCUUU,0
CUCUGAUCGCCCUCUCAGCUC,0
UGCCCCAACAAGGAAGGACAAG,0
UCCUGUCUUUCCUUGUUGGAGC,0
AAUGAGAGACCUGUACUGUAU,0
UAGUGAGUUAGAGAUGCAGAGCC,0
CAACCUCGAGGAUCUCCCCAGC,0
UGUGAUAUCAUGGUUCCUGGGA,0
UCUGAGUUCCUGGAGCCUGGUCU,0
AUCAAGGAUCUUAAACUUUGCC,0
CCAGGCUCUGCAGUGGGAACU,0
UAAAGUAAAUAUGCACCAAAA,0
CGAGCCUCAAGCAAGGGACUU,0
ACCGAAGACUGUGCGCUAAUCU,0
AUAGUGGGAAGCUGGCAGAUUC,0
CGAGGGGUAGAAGAGCACAGGGG,0
AAUCAGUGAAUGCCUUGAACCU,0
AAAGACCGUGACUACUUUUGCA,0
UCACACCUGCCUCGCCCCCC,0
GGCCACUGAGUCAGCACCA,0
AGAAGAUUGCAGAGUAAGUUCC,0
UGCCGCCCUCUCGCUGCUCUAG,0
AGUUUUGCAUAGUUGCACUACA,0
UCAGGCAAAGGGAUAUUUACAGA,0
AGAGUUAACUCAAAAUGGACUA,0
UCAUUAUAUGUAUGAUCUGGAC,0
ACACAGUGCUUCAUCCACUACU,0
GGGGGCCGAUACACUGUACGAGA,0
AACUCUGUCUUCACUCAUGAGU,0
GAGCAAUGUAGGUAGACUGUUU,0
CCCUGGGCCUCUGCUCCCCAG,0
UGUUCCUCUGUCUCCCAGAC,0
AGCAGUGUUUGUUUUGCCCACA,0
AGCCGCGGGGAUCGCCGAGGG,0
GAGGGCGGGUGGAGGAGGA,0
UCCUGCGUAGGAUCUGAGGAGU,0
AGGCACCAGCCAGGCAUUGCUCAGC,0
AUAUUAUUAGCCACUUCUGGAU,0
UGGAGUUAAGGGUUGCUUGGAGA,0
AACUCACGAAGUAUACCGAAGU,0
AGCUUCCAUGACUCCUGAUGGA,0
CUUCCAGACGCUCCGCCCCACGUCG,0
UAGCCUUCAGAUCUUGGUGUUUU,0
AAAGAUGGACAAUUGGCUAAAU,0
UUGUUCUUUGGUCUUUCAGCCA,0
GCAGUUCUGAGCACAGUACAC,0
CGUCUUACCCAGCAGUGUUUGG,0
UGAGUGUUGUCUACGAGGGCA,0
UCAAAACUGAGGGGCAUUUUCU,0
AGAAGUAACUACGGUUUUUGCA,0
AGGACCUUCCCUGAACCAAGGA,0
UUGGGAUGGUAGGACCAGAGGGG,0
CAAAAACUGCAGUUACUUUUGU,0
UGGCUUUUAACUUUGAUGGC,0
UCAGGACACUUCUGAACUUGGA,0
UUUAGAGACGGGGUCUUGCUCU,0
UCAGGCAGUGUGGGUAUCAGAU,0
CUCGGGCGGAGGUGGUUGAGUG,0
UGCCUUCCUGUCUGUG,0
GCAGCCCAGCUGAGGCCUCUG,0
UCAGGUGUGGAAACUGAGGCAG,0
UAAUUGCUUCCAUGUUU,0
AGAAAGGGUGGCAAUACCUCUU,0
UUGGGACAUACUUAUGCUAAA,0
AGGGAAGGAGGCUUGGUCUUAG,0
AGACAGUAGUUCUUGCCUGGUU,0
UGUGACUUUAAGGGAAAUGGCG,0
UUCGCGGGCGAAGGCAAAGUC,0
GGGAGGUGUGAUCUCACACUCG,0
GGCUUGCAUGGGGGACUGG,0
UAAAGAGCCCUGUGGAGACA,0
UUAGUGAAGGCUAUUUUAAUU,0
AGGCCUCUGUGACGUCACGGUGU,0
GGCAGGAGGGCUGUGCCAGGUUG,0
AUAGCAGCAUGAACCUGUCUCA,0
CGGGGAGAGAACGCAGUGACGU,0
AGGGACUUUCAGGGGCAGCUGU,0
UGAGGGACAGAUGCCAGAAGCA,0
UCUGGCAAGUAAAAAACUCUCAU,0
CAACAAAUCCCAGUCUACCUAA,0
AUACCUCAUCUAGAAUGCUGUA,0
AGACCCUGCAGCCUUCCCACC,0
UGAGGGGUUUGGAAUGGGAUGG,0
UACUGCAGACGUGGCAAUCAUG,0
UACUUGGAAAGGCAUCAGUUG,0
AAGGCCUUUCUGAACCUUCAGA,0
CGCAGACAAUGCCUACUGGCCUA,0
ACCCUUGAGCCUGAUCCCUAGC,0
CAGCCCUCCUCCCGCACCCAAA,0
UCAAGGCCAGAGGUCCCACAGCA,0
GCUGAACUGGGCUGAGCUGGGC,0
AUUGGGGACAUUUUGCAUUCAU,0
GUGGGGCCAGGCGGUGG,0
GAAAACGACAAUGACUUUUGCA,0
UCUGUAGCCUGGGAGCAAUGGGGU,0
CUCCCACUUCCAGAUCUUUCU,0
CGGGGGCGGGGCCGAAGCGCG,0
GUAGCACCUUGCAGGAUAAGGU,0
UGGGGAUUUGGAGAAGUGGUGA,0
UGUUCUCUUUGCCAAGGACAG,0
GGCGGAGGGAAGUAGGUCCGUUGGU,0
AUGGCCAGAGCUCACACAGAGG,0
UCAGGGAGUCAGGGGAGGGC,0
CUCAUUUAAGUAGUCUGAUGCC,0
AUCCGCGCUCUGACUCUCUGCC,0
UCUAGGCUGGUACUGCUGA,0
UUCAGCCAGGCUAGUGCAGUCU,0
UAGGGGCAGCAGAGGACCUGGG,0
AAGGAACCAGAAAAUGAGAAGU,0
UAUGGGGCUUCUGUAGAGAUUUC,0
CCUCCCAUGCCAAGAACUCCC,0
CAAAGGUAUUUGUGGUUUUUG,0
ACCAGCGCGUUUUCAGUUUCAU,0
CCAACCUAGGUGGUCAGAGUUG,0
GAGGCUGAUGUGAGUAGACCACU,0
UGGGCUAAGGGAGAUGAUUGGGUA,0
UAGCCCCCAGGCUUCACUUGGCG,0
CCAGCCACGGACUGAGAGUGCAU,0
UCUGGGAGGUUGUAGCAGUGGAA,0
AGUGCCUGAGGGAGUAAGAG,0
UGCUUAAGUUGUACCAAGUAU,0
UGAGUCAGCAACAUAUCCCAUG,0
GGGGGAAGAAAAGGUGGGG,0
UCAGAUGAUCUAAAGGCCUAUA,0
AUAUGGGUUUACUAGUUGGU,0
AAAGUCUCGCUCUCUGCCCCUCA,0
AGAUUGUUUCUUUUGCCGUGCA,0
ACGUUUGAAUGCUGUACAAGGC,0
CAAUGGCACAAACUCAUUCUUGA,0
UUUGAGGCUACAGUGAGAUGUG,0
UGAUUGUCUUCAUAUCUAGAAC,0
AGCCAAGUGGAAGUUACUUUA,0
GUGGAGUCCUGGGGAAUGGAGA,0
AGUUAGGAUUAGGUCGUGGAA,0
CUAAUAGUAUCUACCACAAUAAA,0
UAGGAUUACAAGUGUCGGCCAC,0
UGAGAGUGGAAUUCACAGUAUUU,0
AUAUGUAUAUGUGACUGCUACU,0
UUAGCUUAAGGAGUACCAGAUC,0
CUUGGUUCAGGGAGGGUCCCCA,0
CAACAACAUUAAACCACCCGA,0
UCACCUGAGCUCCCGUGCCUG,0
AAUCCACGCUGAGCUUGGCAUC,0
UGCUGGCUCAUUUCAUAUGUGU,0
UUGGCCAUGGGGCUGCGCGG,0
AGCCUUCCAGGAGAAAUGGAGA,0
ACCCAGGUUCCCUCUGGCCGCA,0
UGCUGGGGGCCACAUGAGUGUG,0
CACAUAUGAAGUGAGCCAGCAC,0
GCCCGCGUGUGGAGCCAGGUGU,0
GCUCUUUUCACAUUGUGCUACU,0
UAGGGGUGGGGGAAUUCAGGGGUGU,0
UAAAGAACUCUUAAAACCCAAU,0
AGCUACAGUUACUUUUGCACCA,0
AAAAACUGUAAUUACUUUU,0
UAUGGAGUGGACUUUCAGCUGGC,0
UCUGGCCAGCUACGUCCCCA,0
CCUGGAAACACUGAGGUUGUG,0
UUGAGAAUGAUGAAUCAUUAGG,0
GUGUUGAAACAAUCUCUACUG,0
UCCUUUGCCUAUUCUAUUUAAG,0
AGAGCUGAGACUAGAAAGCCCA,0
CAAAAAUCUCAAUUACUUUUGC,0
GAAGAACUGUUGCAUUUGCCCU,0
UCGUGCAUAUAUCUACCACAU,0
GCAGGGACAGCAAAGGGGUGC,0
CAAAACCGCGAUUACUCUUGCA,0
UGUGUUAGAAUAGGGGCAAUAA,0
UGAUGGAUAAAAGACUACAUAUU,0
CAGGGAAAUGGGAAGAACUAGA,0
UAAAGUGGCAGAGUAUAGACAC,0
GCCCUCCGCCCGUGCACCCCG,0
UAGUGGAUGAUGCACUCUGUGC,0
UGUUUUGAUAACAGUAAUGU,0
AAACUACUGAAAAUCAAAGAU,0
UUUGGGACUGAUCUUGAUGUCU,0
CGGAUGAGCAAAGAAAGUGGUU,0
UGCCUAGGCUGAGACUGCAGUG,0
ACAUCCUGCUCCACAGGGCAGAGG,0
UAAGUGCUUCCAUGCUU,0
CAAAGACUGCAAUUACUUUUGCG,0
UUAGUGCAUAGUCUUUGGUCU,0
GCUGGUCUGCGUGGUGCUCGG,0
AUGUAUAAAUGUAUACACAC,0
AUGUGGGCUCAGGCUCA,0
AACCCCUAAGGCAACUGGAUGG,0
UUACACACAACUGAGGAUCAUA,0
UGGGCUCAGGGUACAAAGGUU,0
UGCCCUGCCUGUUUUCUCCUUU,0
UGGCUGUUGGAGGGGGCAGGC,0
AACUGGAUCAAUUAUAGGAGUG,0
AUCAGGGCUUGUGGAAUGGGAAG,0
ACCUGAGGUUGUGCAUUUCUAA,0
UAGCAAGAGAACCAUUACCAUU,0
UUCAAGUAAUUCAGGUG,0
CAAAGUGAUGAGUAAUACUGGCUG,0
ACUUUAACAUGGAGGCACUUGC,0
CCUCUUCCCCUUGUCUCUCCAG,0
UUUGUAUGGAUAUGUGUGUGUAU,0
UAUGGAGGUUCUAGACCAUGUU,0
AAGCAGCUGCCUCUGAGGC,0
UCAGGCCAGGCACAGUGGCUCA,0
GGGACCAUCCUGCCUGCUGUGG,0
AGAGGACCCGUAGCUGCUAGAAGG,0
AUUGGGAACAUUUUGCAUGUAU,0
UUGAAGAGGAGGUGCUCUGUAGC,0
AGGUAUUGCCACCCUUUCUAGU,0
AGGGAUCGCGGGCGGGUGGCGGCCU,0
UCAAUCACUUGGUAAUUGCUGU,0
AAUCCCAAUGCUAGACCCGGUG,0
AAAGGUCAUUGUAAGGUUAAUGC,0
AGAAGUAAUUGCGGUUUUGCCA,0
GAACGCCUGUUCUUGCCAGGUGG,0
AGGGGGCGCAGUCACUGACGUG,0
GUGAGGCGGGGCCAGGAGGGUGUGU,0
UUGCUCACUGUUCUUCCCUAG,0
AGAGGCUUUGUGCGGAUACGGGG,0
UCCAUGUUUCCUUCCCCCUUCU,0
UGAGGCCCUUGGGGCACAGUGG,0
AUCGCUGCGGUUGCGAGCGCUGU,0
AAAGAUAGACAAUUGGCUAAAU,0
UACUCUGGAGAGUGACAAUCAUG,0
CACCCCCUGUUUCCUGGCCCAC,0
UUGGAAUAGGGGAUAUCUCAGC,0
UCUAUACAGACCCUGGCUUUUC,0
AACUCGUGUUCAAAGCCUUUAG,0
ACUGGACUUGGAGGCAGAA,0
UGGUCUGCAAAGAGAUGACUGU,0
AUGGCCAAAACUGCAGUUAUUUU,0
GAUGAUGAUGGCAGCAAAUUCUGAAA,0
UUACGGACCAGCUAAGGGAGGC,0
ACUGGGGAGCAGAAGGAGAACC,0
AAUGUGGACUGGUGUGACCAAA,0
AAGGUAUUGUUCAGACUUAUGA,0
UCUGCCCCCUCCGCUGCUGCCA,0
CAAGGCCAAAGGAAGAGAACAG,0
UCAAAAUGUAGAGGAAGACCCCA,0
AAUUUACUCUGCAAUCUUCUCC,0
ACUGGACUUAGGGUCAGAAGGC,0
GCAGGACAGGCAGAAGUGGAU,0
ACUCAAAAGAUGGCGGCACUUU,0
AGACAUCAAGAUCAGUCCCAAA,0
UAAUACUGUCUGGUAAAACCGU,0
AAAAGUAAUCACUGUUUUUGCC,0
UGUGUCCCAUUAUUGGUGAUU,0
UUCAUUUGCCUCCCAGCCUACA,0
GCACCCAGGCAAGGAUUCUG,0
CCGGGGCAGAUUGGUGUAGGGUG,0
CAGAGUGACAAGCUGGUUAAAG,0
GUACCUUCUGGUUCAGCUAGU,0
UAACCCUGUCCUCUCCCUCCCAG,0
AAGCAUUCUUUCAUUGGUUGG,0
AAGUGCCCCCACAGUUUGAGUGC,0
UGGAUUUUUGGAUCAGGGA,0
GUAUACACCUGAUAUGUGUAUG,0
UUGCCACACUGCAACACCUUACA,0
UAUCAUGGAGUUGGUAAAGCAC,0
UCACCCUGCAUCCCGCACCCAG,0
UCGCCUCCUCCUCUCCC,0
AAUCCUUGCUACCUGGGU,0
UUCUGGAAUUCUGUGUGAGGGA,0
AAAAGUAUUUGCGGGUUUUGUC,0
AGCUUUUGGGAAUUCAGGUAGU,0
CUCCUACAUAUUAGCAUUAACA,0
UCCAGUGCCCUCCUCUCC,0
GUUCUGUUAACCCAUCCCCUCA,0
GUGAGUGUGGAUCCUGGAGGAAU,0
UGCUCAGGUUGCACAGCUGGGA,0
UGUCUACAUUAAUGAAAAGAGC,0
CAGGAUCCACAGAGCUAGUCCA,0
AAACUAAUAUACCCAUAUUCUG,0
UAGUCCCUUCCUUGAAGCGGUC,0
GCCCGAGAGGAUCCGUCCCUGC,0
AGGAGGGAAGGGGCUGAGAACAGGA,0
GCCCUCUGUCACCUUGCAGACG,0
CUUGGGAGCCCUGUUAGACUC,0
UCUUGUGUUCUCUAGAUCAGU,0
UGCAAAAGUAAUCACAGUUUUU,0
UGAGCACCACACAGGCCGGGCGC,0
CAUGCUAGGAUAGAAAGAAUGG,0
AAUCGGACCCAUUUAAACCGGAG,0
AACGGGAAUGCAGGCUGUAUCU,0
GUUUAACCUUUUGCCUGUUGG,0
AAUGUAGAGAUUGAUCAAAAU,0
AGGAAUGUUCCUUCUUUGCC,0
UCUCUGAGCAAGGCUUAACACC,0
UGAGACCAGGACUGGAUGCACC,0
CAAGCUUGUAUCUAUAGGUAUG,0
AAGGUUUGGAUAGAUGCAAUA,0
GUGCCAGCUGCAGUGGGGGAG,0
UUGGACUUUUUCAGAUUUGGGGAU,0
CUGGGAGGUGUGAUAUCGUGGU,0
ACUUUCCUCACUCCCGUGAAGU,0
UGACAGCGCCCUGCCUGGCUC,0
UCCUCAUCACACUGCACCUUAG,0
AAAGAUCUGGAAGUGGGAGACA,0
AACUGAACCAGGAGUGAGCUUCG,0
UCUUCUUCCUUUGCAGAGUUGA,0
UCUGGUAUGUAGUAGGUAAUAA,0
AACUAGUAAUGUUGGAUUAGGG,0
AAAGACAUAGUUGCAAGAUGGG,0
UGUUUCGGGGCUCAUGGCCUGUG,0
AGGAUUUCAGAAAUACUGGUGU,0
UUUUGCAUGACCCUGGGAGUAGG,0
AGGGGACUGGUUAAUAGAACUA,0
AGAAGAAGGCGGUCGGUCUGCGG,0
AAACCGUUACCAUUACUGAGUU,0
AAAAGUAAUUGCGGUCUUUGGU,0
UCGUUUGCCUUUUUCUGCUU,0
UGAAGUACCAGCUACUCGAGAG,0
GUUGGGACAAGAGGACGGUCUU,0
AAAGUAGCUGUACCAUUUGC,0
GCUGCGGGCUGCGGUCAGGGCG,0
UUAGGCCGCAGAUCUGGGUGA,0
ACAUUUUCCAGCCCAUUCA,0
ACUGGGAUGUCACUGAAUAUGGU,0
UAUGGAAAGACUUUGCCACUCU,0
UCUGCAGGGUUUGCUUUGAG,0
UAGUUCUUCCCUUUGCCCAAUU,0
UAGAGUCUGGCUGAUAUGGUUU,0
CCUGAUCCCACAGCCCACCU,0
UUCUGGAUAUGAAGACAAUCAA,0
AGGGUAAGCUGAACCUCUGAU,0
UGUGGUAGAUAUAUGCACGAU,0
UCACUGUUCAGACAGGCGGA,0
UGUGACUGCAUUAUGAAAAUUCU,0
ACGGAGACGACAAGACUGUGCUG,0
ACAGGCGGCUGUAGCAAUGGGGG,0
CACACAAGUGGCCCCCAACACU,0
UGAUCUCACCGCUGCCUCCUUC,0
AUGAAGUGCACUCAUGAUAUGU,0
CUUGGAUUUUCCUGGGCCUCAG,0
CUUCCUCGUCUGUCUGCCCC,0
UGUUCAUGUAGAUGUUUAAGC,0
GACACAUGACCAUAAAUGCUAA,0
AGUGCCUGCUAUGUGCCAGGCA,0
GUGGGUAGGGUUUGGGGGAGAGCG,0
AGACUGACGGCUGGAGGCCCAU,0
CACAAGGUAUUGGUAUUACCU,0
GGAGGGGUCCCGCACUGGGAGG,0
UGUUGCAAGUCGGUGGAGACGU,0
GACUGGACAAGCUGAGGAA,0
AGUGUGGCUUUCUUAGAGC,0
AGGCGGGGCGCCGCGGGACCGC,0
UCUGUAUUCUCCUUUGCCUGCAG,0
GCUUGUCGCUGCGGUGUUGCU,0
UUGUGGCUGGUCAUGAGGCUAA,0
CAAAAACCACAGUUUCUUUUGC,0
UGAGGCUCUGUUAGCCUUGGCUC,0
GAGAAAUGCUGGACUAAUCUGC,0
AGGUUGACAUACGUUUCCC,0
CAGGGCCUCACUGUAUCGCCCA,0
ACUGAUUUCUUUUGGUGUUCAG,0
UAAUGAUUCAUCAGACUCAGAU,0
AUAGUGGUUGUGAAUUUACCUU,0
CAAGGGACCAAGCAUUCAUUAU,0
AUAAUACAACCUGCUAAGUGCU,0
AGGAGGCAUCUUGAGAAAUGGA,0
ACGUUGGCUCUGGUGGUG,0
UCAGAACAAAUGCCGGUUCCCAGA,0
CUGUAAUAUAAAUUUAAUUUAUU,0
UUUCUUCUUAGACAUGGCAACG,0
GAGGCAGAAGCAGGAUGACA,0
AGCAAGGCGGCAUCUCUCUGAU,0
CAGUAACAAAGAUUCAUCCUUGU,0
AAUGUUUUUUCCUGUUUCC,0
GAGGGUCUUGGGAGGGAUGUGAC,0
AAACUAAUCUCUACACUGCUGC,0
UGUGUCACUCGAUGACCACUGU,0
UGAGUUGGCCAUCUGAGUGAG,0
CCCUUGGGUCUGAUGGGGUAG,0
UCGAGGACUGGUGGAAGGGCCUU,0
UAAAUUUCACCUUUCUGAGAAGA,0
GUUCCACACUGACACUGCAGAAGU,0
AAAAUUUCUUUCACUACUUAG,0
UGGGCUGGCAGGGCAAGUGCUG,0
GUGUCUGGGCGGACAGCUGC,0
GCAGCAGGGUGAAACUGACACA,0
AACGCCAUUAUCACACUAAAUA,0
UGAAACUGGAGCGCCUGGAGGA,0
AGGCCAUCAGCAGUCCAAUGAA,0
AAGAGAACUGAAAGUGGAGCCU,0
UCCCACUACUUCACUUGUGA,0
UCUGAAUUGUAAGAGUUGUUA,0
UGAGCCGAGCUGAGCUUAGCUG,0
AGAAUUGCGUUUGGACAAUCAGU,0
CCAGUUACCGCUUCCGCUACCGC,0
UAGCAAAAACUGCAGUUACUUU,0
AGGACUGGACUCCCGGCAGCCC,0
UCGGUUAUCAUGGUACCGAUGC,0
CUUCUUGUGCUCUAGGAUUGU,0
AUGUAUGUGUGCAUGUGCAUG,0
UCACAAAUCUAUAAUAUGCAGG,0
UGCCCCACCUGCUGACCACCCUC,0
CAGUGCAAGUGUAGAUGCCGA,0
AGUCAUUGGAGGGUUUGAGCAG,0
AGUUAAUGAAUCCUGGAAAGU,0
CAAGGAGACGGGAACAUGGAGC,0
UCACCAGCCCUGUGUUCCCUAG,0
CGAGGGCAUUUCAUGAUGCAGGC,0
CAUGCUGACCUCCCUCCUGCCCCAG,0
AACUAGCUCUGUGGAUCCUGAC,0
GUUUUACCACCUCCAGGAGACU,0
AUCAUAUGAACCAAACUCUAAU,0
AGGACUGAUCCUCUCGGGCAGG,0
AAACACCAUUGUCACACUCCAC,0
AAGCAAUACUGUUACCUGAAAU,0
UUGGCCACAAUGGGUUAGAAC,0
CGGGCUGUCCGGAGGGGUCGGCU,0
CUGGGCUCGGGACGCGCGGCU,0
AGUUGCCUUUUUGUUCCCAUGC,0
UCAUUUAUCUGUUGGGAAGCUA,0
GAUGCGCCGCCCACUGCCCCGCGC,0
UGUAGUUGUAUUGUAUUGCCAC,0
AGCUCUGCUGCUCACUGGCAGU,0
UGGUGCGGAGAGGGCCCACAGUG,0
UUUAAGAAAACACCAUGGAGAU,0
GCAGGCACAGACAGCCCUGGC,0
GGCCUUGUUCCUGUCCCCA,0
GAUGAGCUCAUUGUAAUAUGAG,0
AUGAUCCAGGAACCUGCCUCU,0
AUCACAUUGCCAGUGAUUACCC,0
AACCACUUUCUUUGCUCAUCCA,0
CGUGCCACCCUUUUCCCCAG,0
UGCCCUUAAAGGUGAACCCAGU,0
UUCUCUUUCUUUAGCCUUGUGU,0
AUCAAAUAAGGACUAGUCUGCA,0
CCUGGCAUAUUUGGUAUAACUU,0
GUGCCACCUUAACUGCAGCCAAU,0
UGUGCAGCAGGCCAACCGAGA,0
UGGCCGGAUGGGACAGGAGGCAU,0
GCAGAGUGCAAACAAUUUUGAC,0
UUUUGUGUCUCCCAUUCCCCAG,0
UGUGGAAGGUAGACGGCCAGAGA,0
CUCUCUGGCCGUCUACCUUCCA,0
UGCAUCAGGCCAGAAGACAUGAG,0
AAAGGAGGAAAUAGGCAGGCCA,0
AAAAGUAAUUGUGGUUUUGGCC,0
UCUCCCUUCCUGCCCUGGCUAG,0
UUCGGGCUGGCCUGCUGCUCCGG,0
AGUGGGAGGCCAGGGCACGGCA,0
AGAAGGCACUAUGAGAUUUAGA,0
GCAGCAGAGAAUAGGACUACGUC,0
CUGACUGAAUAGGUAGGGUCAUU,0
ACUGACAGGAGAGCAUUUUGA,0
AUGUGCCUGAGGGAGUAAGACA,0
AUUGACACCUCUGUGAGUGGA,0
UGGGGGAGCCAUGAGAUAAGAGCA,0
GGGGCGCGGCCGGAUCG,0
UGUCAGUGACUCCUGCCCCUUGGU,0
AGCCAGGCUCUGAAGGGAAAGU,0
UCUAAAGACUAGACUUCGCUAUG,0
CUGCAGAGUUUGUACGGACCGG,0
ACCAGGAGGCUGAGGCCCCU,0
GAGCCAGUGGUGAGACAGUGA,0
AAGGCAGGGCCCCCGCUCCCC,0
GUUAGGGCCAACAUCUCUUGG,0
UCAGGCUCAGUCCCCUCCCGAU,0
CCAGACUGUGGCUGACCAGAGG,0
CAGCCACAACUACCCUGCCACU,0
UAUGCAUUGUAUUUUUAGGUCC,0
UCGACAGCACGACACUGCCUUC,0
UAGGCACACUUAAAGUUAUAGC,0
ACAGUAGAGGGAGGAAUCGCAG,0
GAAGGCGCUUCCCUUUGGAGU,0
CAGGCAGUGACUGUUCAGACGUC,0
CAUGACGUCACAGAGGCUUCGC,0
AGAACUCUUGCAGUCUUAGAUGU,0
UUGCAUGUCAGAUUGUAAUUCCC,0
AAUUUGGUUUCUGAGGCACUUAGU,0
CAGAGAAUUGUUUAAUC,0
AGUUUUGCAGGUUUGCAUUUCA,0
ACAAAGUACAGCAUUAGCCUUAG,0
UGGGGCUAGUGAUGCAGGACG,0
UCCUUCUGCUCCGUCCCCCAG,0
AAGGGGGAAGGAAACAUGGAGA,0
AGGAAAUGAGGCUGGCUAGGAGC,0
UCAAGUAGUUUCAUGAUAAAGG,0
CAGUGCAAUGUUUUCCUU,0
AACCCAGUGGGCUAUGGAAAUG,0
CGGGCGUGGUGGUGGGGG,0
ACGGUGCUGGAUGUGGCCUUU,0
CACAGGCUUAGAAAAGACAGU,0
UCUGGCCUUGACUUGACUCUUU,0
UUCUGCCUCUGUCCAGGUCCUU,0
CCUGCUGGUCAGGAGUGGAUACUG,0
UGGAGAUCCAGUGCUCGCCCGAU,0
UUGUGGAUCUCAAGGAUGUGCU,0
UGAGUGAUUGAUAGCUAUGUUC,0
AAUAGGCCACGGAUCUGGGCAA,0
UCUGCACUGUGAGUUGGCUGGCU,0
AGACACUAUACGAGUCAUAU,0
GCUGAUGAUGAUGGUGCUGAAG,0
GUGCUUCAUCGUAAUUAACCUUA,0
ACAGGGCCGCAGAUGGAGACU,0
GAAGAUGGUGCUGUGCUGAGGAA,0
AGGGCCAGAGGAGCCUGGAGUGG,0
AGGUAGAAUGAGGCCUGACAU,0
AAAAGUAAUUGUGGAUUUUGCU,0
UCAUAGCCCUGUACAAUGCUGCU,0
AGGUGUUAUCCUAUCCAUUUGC,0
CCUGGACACCGCUCAGCCGGCCG,0
UUCCAUGCCUCCUAGAAGUUCC,0
UGCCCCAUCUGUGCCCUGGGUAGGA,0
AUGGCAUCGUCCCCUGGUGGCU,0
AGCCCCCUGGCCCCAAACCC,0
UCACGCGGAGAGAUGGCUUUG,0
CAGUUCAGAAGUGUUCCUGAGU,0
UGCAAAAGUAAUUGCAGUUUUUG,0
AGGAUAGGAAGAAUGAAGUGCU,0
GGGGUAUUGUUUCCGCUGCCAGG,0
UGUCUAUACUCUGUCACUUUAC,0
UUCUAGAUGAGAGAUAUAUAUA,0
UAAAAACUGCAAUUACUUUUA,0
ACUGGACUAGGAGUCAGAAGG,0
UUACACAGCUGGACAGAGGCA,0
AUCCCCAGAUACAAUGGACAA,0
GGGUGGGGAUUUGUUGCAUUAC,0
CUCAAGUAGUCUGACCAGGGGA,0
CAGGAAGGAUUUAGGGACAGGC,0
UGAAUGGUAAAGCGAUGUCACA,0
CUGGGGUUCUGAGACAGACAGU,0
UGGGCCAUGCAUUUCUAGAACU,0
GGGAUGGUAGACCGGUGACGUGC,0
UUAGAACGUUUUAGGGUCAAAU,0
GCUGGUGACAUGAGAGGC,0
CCCUGUGCCCGGCCCACUUCUG,0
UGGGAACUUAGUAGAGGUUUAA,0
GAGGAAACUGAAGCUGAGAGGG,0
CCAGACAGAAUUCUAUGCACUUUC,0
ACUGGCCUGGGACUACCGG,0
AGAGUCUUGUGAUGUCUUGC,0
GAGGGCAGCGUGGGUGUGGCGGA,0
AUGUAGGGAUGGAAGCCAUGAA,0
AGCCGCUCUUCUCCCUGCCCACA,0
UGAGCCCCUGUGCCGCCCCCAG,0
AGGUCUGCAUUCAAAUCCCCAGA,0
AGUAUGUUCUUCCAGGACAGAAC,0
AUGCUACUCGGAAAUCCCACUGA,0
GUGCAUGGCUGUAUAUAUAACA,0
CUGGCGGAGCCCAUUCCAUGCCA,0
GUGUUAAUUAAACCUCUAUUUAC,0
AGGGGACCAAAGAGAUAUAUAG,0
UCCAGGCAGGAGCCGGACUGGA,0
AACAGGUGACUGGUUAGACAA,0
UUGGGGUUUGGGGUGCAGACAUUGC,0
UAAAACCCACAAUUAUGUUUGU,0
AGGAUGAGCAAAGAAAGUAGAUU,0
UUAGUCUCAUGAUCAGACACA,0
UUGGGGGUGAGGUUGGUGUCUGG,0
AGACCUGGCCCAGACCUCAGC,0
GUGAACGGGCGCCAUCCCGAGG,0
AGGGAAGGGGACGAGGGUUGGG,0
AGAGUUGAGUCUGGACGUCCCG,0
ACCUUCCUCUCCAUGGGUCUUU,0
CUUCCGCCCCGCCGGGCGUCG,0
UUAGCGGUGGACCGCCCUGCG,0
UGCGACAUUGGAAGUAGUAUCA,0
UUAGUCCUGCCUGUAGGUUUA,0
UCCUGCGCGUCCCAGAUGCCC,0
AGAGCUCACAGCUGUCCUUCUCUA,0
CUAUUAAGGACAUUUGUGAUUC,0
UCCCUCCUUCUGUCCCCACAG,0
GCUCGGACUGAGCAGGUGGG,0
UUUGGACAGAAAACACGCAGGU,0
AGAGGAUACCCUUUGUAUGUU,0
GCGACCCACUCUUGGUUUCCA,0
UGGGAUGAGGGAUUGAAGUGGA,0
AGCUGAGCUCCAUGGACGUGCAGU,0
CGGCCCGGGCUGCUGCUGUUCCU,0
GUGAGUCAGGGUGGGGCUGG,0
UGUCGUGGGGCUUGCUGGCUUG,0
CAAAGUCCUUCCUAUUUUUCCC,0
GCCUAUCACAUAUCUGCCUGU,0
CAUACAAUCUGACAUGUAUUU,0
GCAGUAGUGUAGAGAUUGGUUU,0
UUCACUGGAGUUUGUUUCAAUA,0
AUGGGGUGAGAUGGGGAGGAGCAGC,0
AGAAGGGGUGAAAUUUAAACGU,0
AAAGGUAAUUGUGGUUUCUGC,0
CAACCUCGACGAUCUCCUCAGC,0
UAGAGGAAGCUGUGGAGAGA,0
CGCCUCUUCAGCGCUGUCUUCC,0
AAAAGUUAUUGCGGUUUUGGCU,0
UAGGAGGGAAUAGUAAAAGCAG,0
AAGAAGAGACUGAGUCAUCGAAU,0
CAAAGUUUAAGAUCCUUGAAGU,0
UCUGAGGCCUGCCUCUCCCCA,0
CAGGGUCAGCUGAGCAUG,0
GUCCACUUCUGCCUGCCCUGCC,0
CAAAAACUGCAAUUACUUUCA,0
UGCCCUAAAUGCCCCUUCUGGC,0
UUAGACCUAGUACACGUCCUU,0
UGGGCGAGGGGUGGGCUCUCAGAG,0
UGCAGGACCAAGAUGAGCCCU,0
UGAGCCCUGUCCUCCCGCAG,0
AAAAUGGUGCCCUAGUGACUACA,0
CCGGUCCCAGGAGAACCUGCAGA,0
AAGUAGUUGGUUUGUAUGAGAUGGUU,0
GAUCUCACUUUGUUGCCCAGG,0
UCUCCCUUGAGGGCACUUU,0
CUGGGGAGAUCCUCGAGGUUGG,0
AGGGCAUAGGAGAGGGUUGAUAU,0
UCAGUCACAUAUCUAGUGUCUA,0
AGAAAGGUGGAGGGGUUGUCAGA,0
GGGGAGCUGUGGAAGCAGUA,0
UAAAUCCCAUGGUGCCUUCUCCU,0
CUGGGACAGGAGGAGGAGGCAG,0
ACUAAAGGAUAUAGAAGGUUUU,0
GACUCACUCACAGGAUUGUGCA,0
CUUGCCAUCCUGGUCCACUGCAU,0
UGCCCAUGCCAUACUUUUGCCUCA,0
GCUCUGACGAGGUUGCACUACU,0
GGCUGGAGCGAGUGCAGUGGUG,0
UUUCCUACCCUACCUGAAGACU,0
CUGCCAUGUCUAAGAAGAAAAC,0
UGUGUGGAUCCUGGAGGAGGCA,0
GCUAGUCCUGACUCAGCCAGU,0
UCUGUGAGACCAAAGAACUACU,0
UAAGGGGUGUAUGGCAGAUGCA,0
UCGUGGCCUGGUCUCCAUUAU,0
CGUCCCGGGGCUGCGCGAGGCA,0
AUGGAGAUAGAUAUAGAAAU,0
CAAAAGUGAUUGUGGUUUUUGC,0
ACUGAUUAUCUUAACUCUCUGA,0
UUGCUAAGUAGGCUGAGAUUGA,0
GCUGACAGCAGGGCUGGCCGCU,0
AAUGUAAACAGGCUUUUUGCU,0
CAGGCGUCUGUCUACGUGGCUU,0
ACCUGGACCCAGCGUAGACAAAG,0
